Category,Overallrating,NumberReviews,PriceRange,Name
Burmese,4,6380,$$,Burma Superstar
Italian,4,1537,$$,Barbacco
Italian,4,708,$$,Capo’s Chicago Pizza
Tapas/Small Plates,4,198,$$,barvale
Mexican,4,788,$$,Padrecito
Spanish,4,737,$$,Alegrias
Hawaiian,4,489,$$,Pa’ina Lounge & Restaurant
German,4.5,383,$$,Cafe Europa
Italian,3.5,3712,$$,The Stinking Rose
Indian,4,2826,$$$,DOSA on Fillmore
Ramen,4,605,$$,Nojo Ramen Tavern
Mexican,4,3181,$,Nick’s Crispy Tacos
Sushi Bars,4,2703,$$,Ryoko’s
Sushi Bars,4,87,$$,Sumo
Dim Sum,4,1109,$$,Dumpling Time
Korean,4.5,146,$$,Barnzu
French,4.5,1948,$$,Chez Maman East
Spanish,4,508,$$$,Bellota
Italian,4,340,$$,Fiorella
Seafood,4,1509,$$,Pier Market Seafood Restaurant
Noodles,4,562,$$,Chong Qing Xiao Mian
French,4,1398,$$$$,Quince
Pizza,4.5,250,$$,Pink Onion
American (New),4,590,$$,Eureka Restaurant & Lounge
Singaporean,4,1446,$,Lime Tree Southeast Asian Kitchen
Italian,4,604,$$,a Mano
Chicken Wings,4.5,1013,$,Hot Sauce and Panko
Seafood,4,2089,$$,Woodhouse Fish Company
Korean,4.5,146,$$,JIJIME
American (New),4,188,$$,Urban Tavern
American (New),4,1352,$$$,Twenty Five Lusk
Burgers,4.5,725,$$,Box Kitchen
Seafood,3,1654,$$,Bubba Gump Shrimp
Indian,4,482,$$$,ROOH
Caribbean,4,3121,$$,Cha Cha Cha
American (Traditional),4.5,654,$$,Hopwater Distribution
Tapas Bars,4.5,315,$$,RM 212
Czech,4.5,364,$$,Paprika
Chinese,4,877,$,Sam Wo Restaurant
Italian,4,1198,$$,Original Joe’s
Italian,4,1991,$$$,Delfina
French,4,91,$$$,Chez Marius
Mexican,4,1719,$$,Don Pisto’s
American (Traditional),4,878,$$,West of Pecos
Mediterranean,4,349,$$,Barcha
American (Traditional),4,448,$$,Mac Daddy
Asian Fusion,3.5,2485,$$$,Tonga Room & Hurricane Bar
Vegetarian,4,1926,$$$,Greens Restaurant
Middle Eastern,4,1420,$$,La Mediterranee
Korean,4.5,228,$$,Saucy Asian
Filipino,4.5,476,$,Tselogs
Himalayan/Nepalese,4.5,190,$$,Dancing Yak
Japanese,4.5,26,$$,Shabu House
Seafood,4.5,1401,$$$,Anchor Oyster Bar
Thai,4,1571,$$,Marnee Thai
American (Traditional),4.5,113,$$,Creator
Moroccan,4,569,$$$,El Mansour
Hot Pot,4.5,60,$$,DNM Hot Pot
Lounges,4,616,$$,Azucar Lounge
Thai,4,348,$$,Saap Ver Authentic Thai Cuisine
Indian,4,2233,$$,DOSA on Valencia
Sports Clubs,4,230,$$,SPIN San Francisco
Vietnamese,4.5,119,$$$$,Khai
Chinese,4.5,66,$$$$,Eight Tables by George Chen
Sushi Bars,4.5,365,$$$$,Hinata
Japanese,4,1520,$$,Sanraku
Korean,4,1492,$$,Han Il Kwan
Barbeque,4,55,$$,No.1 SF BBQ
French,4,473,$$$,Cocotte
Steakhouses,4,3206,$$$,Espetus Brazilian Steak House
Indian,4,532,$$,Mela Tandoori Kitchen
American (New),4,647,$$,Maven
American (New),4.5,510,$$$$,Lazy Bear
American (New),4,988,$$,The Pink Elephant Alibi
Moroccan,4,142,$$,Khamsa
Pizza,4.5,1185,$$,Pizzetta 211
German,4.5,993,$$,Leopold’s
Breakfast & Brunch,4,10030,$$,Brenda’s French Soul Food
Seafood,4,1206,$$,Dragon Beaux
Ramen,4,77,$$,Ushi Taro
Vietnamese,4,1142,$$,Tín Vietnamese Cuisine
Grocery,4.5,1196,$$,Italian Homemade Company
Mexican,4,1764,$$,Nopalito
Mexican,4,4557,$,El Farolito
American (New),4,2063,$$$,Hillstone
Wine Bars,4,264,$$,The Barrel Room
Mediterranean,4,215,$$,Oren’s Hummus
Italian,4,1311,$$$,Cotogna
American (New),4,349,$$,Barbarossa Lounge
Italian,4,2611,$$$,Zuni Café
German,4,3023,$$,Suppenküche
Italian,4.5,728,$$,The Italian Homemade Company
Filipino,4,288,$$,Pampanguena Cuisine
Italian,4,604,$$,Lupa Trattoria
Italian,4.5,921,$$$,Seven Hills
Korean,4,2386,$$,HRD
Asian Fusion,4,136,$$,Grill Spot
Italian,4,795,$$,Credo
Peruvian,4,3009,$$,Limón Rotisserie
American (New),4.5,1453,$$$,Frances
Tapas/Small Plates,4,2525,$$$,State Bird Provisions
Mexican,4,1180,$$,Nopalito
Japanese,4,1047,$$,Marugame Udon
Seafood,4.5,36,$$,Golden Crab House
Seafood,4,3431,$$$,La Mar Cebichería Peruana
Mediterranean,4,358,$$,Souvla
Ramen,4,109,$$,Ichiraku Ramen
Japanese,4.5,84,$$$$,OzaOza
Latin American,4,1588,$$,El Techo
American (New),4,419,$$,Fable
Cafes,4,124,$$,Pearl 6101
Burgers,4,91,$$,Hi-Way Burger & Fry
Cocktail Bars,4,128,$$,The Snug
Breakfast & Brunch,4,2760,$$,Kitchen Story
Himalayan/Nepalese,4.5,455,$$,Cuisine of Nepal
Italian,4,1290,$$,Bella Trattoria
Bars,4,1060,$$$,Cockscomb
Sushi Bars,4.5,42,$$,Kibatsu
Ramen,4,408,$$,Izakaya Roku
Burmese,4,2053,$$,Mandalay
Seafood,4,70,$$,Angler
Ramen,4,761,$$,Hinodeya Ramen Bar
Chinese,3.5,4155,$$,R&G Lounge
Thai,4,1439,$$,Basil Thai Restaurant & Bar
Italian,4,3373,$$,Beretta
Italian,4.5,356,$$,Castagna
Chinese,4,473,$$$$,Mister Jiu’s
Sushi Bars,4.5,1239,$$,Shizen Vegan Sushi Bar & Izakaya
Ramen,4,589,$$,Iza Ramen Lower Haight
Seafood,4.5,1022,$$$,La Ciccia
Pizza,4.5,3123,$,Golden Boy Pizza
Italian,4,405,$$,Emmy’s Spaghetti Shack
Cafes,4.5,24,$,Yo También Cantina
Soul Food,4.5,500,$$,Old Skool Cafe
Mediterranean,4,481,$$,Troya
Sushi Bars,4,1763,$$,Akiko’s Restaurant
Chinese,4,1328,$$,Dumpling Kitchen
Seafood,4.5,519,$$,Betty Lou’s Seafood & Grill
Noodles,4,575,$$,Chubby Noodle
American (Traditional),4,1348,$$$,Blue Plate
American (New),4,4849,$$$,Nopa
American (Traditional),4,3668,$$$,Wayfare Tavern
Greek,4.5,427,$$,Kitchen Istanbul
Pizza,4,4379,$$,Tony’s Pizza Napoletana
American (New),4,240,$$,Lark
Ramen,4,1987,$$,Izakaya Sozai
Taiwanese,4,266,$$,HoDaLa
Gastropubs,4.5,942,$$,Hogwash
Thai,4,1687,$$,Kin Khao
Basque,4,564,$$,Bask
Spanish,4,1837,$$$,Coqueta
Steakhouses,4,1776,$$$,Lolinda
Seafood,4,2408,$$$,Thanh Long
Japanese,4.5,797,$$,Nara Restaurant & Sake Bar
Comfort Food,4,1673,$$,Starbelly
Italian,4,1239,$$,Trattoria Contadina
Pop-Up Restaurants,5,20,$$$,Anomaly
Steakhouses,4,2039,$$$,5A5 Steak Lounge
Thai,4.5,84,$$,What The Cluck SF
Mexican,4.5,1279,$,Tacorea
Caribbean,4,670,$$,Palm House
Gastropubs,4.5,518,$$,Myriad Gastropub
Southern,4,2604,$$,The Front Porch
British,4.5,2755,$,The Codmother Fish and Chips
Seafood,4,2869,$$,PPQ Dungeness Island
Steakhouses,4,1966,$$$,Bobo’s
Laotian,4,677,$$,Lao Table
Chinese,4,6301,$$,San Tung
Seafood,4,1593,$$,Skool
Ramen,4,1760,$$,Mensho Tokyo
Southern,4,1955,$$,Hops & Hominy
Sushi Bars,4,1200,$$,Tataki
Greek,4.5,4250,$$$,Kokkari Estiatorio
Mediterranean,4.5,934,$$,Tuba Authentic Turkish Restaurant
Indonesian,5,80,$$$,INDO
Seafood,4.5,5434,$$,Hog Island Oyster Co
Mexican,4,4026,$$,Tropisueño
Fondue,4,545,$$,Fondue Cowboy
American (Traditional),4,433,$$,The Dorian
American (Traditional),4,6633,$$$,House of Prime Rib
Tapas/Small Plates,4,700,$$,Izakaya KOU
American (New),4.5,5229,$$$$,Gary Danko
Breweries,4,496,$$,Barrel Head Brewhouse
Seafood,4.5,3291,$$,Sotto Mare Oysteria & Seafood
Pizza,4,3085,$$,Zero Zero
Seafood,4,3313,$$$,Scoma’s Restaurant
American (New),4,2562,$$,Marlowe
Tapas/Small Plates,4,1942,$$,Loló
American (Traditional),4.5,332,$$,Mersea
Asian Fusion,4.5,4463,$$$,The House
Bars,4.5,1956,$$$,Liholiho Yacht Club
Ramen,4.5,1700,$$,Marufuku Ramen SF
Thai,4,1601,$$,Farmhouse Kitchen Thai Cuisine
Seafood,4,4805,$$,Fog Harbor Fish House
Vietnamese,4.5,369,$$,Ly’s Vietnamese Cuisine
French,4.5,1201,$$$,L’Ardoise Bistro
Latin American,4,1086,$$,Parada 22
French,4.5,192,$$$,Mathilde French Bistro
Breakfast & Brunch,4,4093,$$,Zazie
Japanese,4.5,240,$$$$,Sushi Hon
Mexican,4,3659,$,La Taqueria
Thai,3.5,2224,$$,Osha Thai
Vietnamese,4,1333,$$,Yummy Yummy
Asian Fusion,4,428,$$,Chubby Noodle
Burgers,4,1089,$$,Roam Artisan Burgers
Italian,4,1068,$$$,54 Mint - Ristorante Italiano
Chinese,4,90,$$,Orchids Cafe
Vietnamese,4,494,$$,Le Soleil
Seafood,4.5,317,$$,Hook Fish
Sports Bars,4,249,$$,Rumors
Thai,4,1246,$$,House of Thai
American (Traditional),4,217,$$,Stuffed
Thai,4,440,$$,Sweet Lime Thai Cuisine
Italian,4.5,932,$$,Il Casaro Pizzeria & Mozzarella Bar
Steakhouses,4,1745,$$$$,Harris’ Restaurant
Latin American,4.5,62,$$,School Night
French,4.5,716,$$$,Bouche
Comfort Food,4,564,$$,MAC’D
Chinese,4,782,$$,IPOT
Sandwiches,5,34,$,Hotbird
Mini Golf,4.5,1221,$$,Urban Putt
Mexican,4,1410,$$,The Little Chihuahua
American (Traditional),3.5,335,$$,Finn Town Tavern
Izakaya,4.5,96,$$,Izakaya Yoki
Asian Fusion,4.5,302,$$,The Spice Jar
Sushi Bars,4,287,$$,Okane
Wine Bars,4.5,136,$$,Indian Paradox
Persian/Iranian,4,396,$$,Anar
Sushi Bars,4.5,372,$$$$,Omakase
American (New),4.5,107,$$$$,Birdsong
Malaysian,4,269,$$,Azalina’s
American (New),4,1466,$$,Serpentine
Breakfast & Brunch,4,4558,$$$,Foreign Cinema
Cafes,5,21,$,Mauerpark
Japanese,4,1422,$$,Sushirrito
Italian,4,434,$$$,Bacco
Vietnamese,4,1511,$,Pho Huynh Hiep 2 - Kevin’s Noodle House
Ramen,4,347,$$,Iza Ramen SOMA
Wine Bars,4,274,$$,Aquitaine
Bars,4,612,$$,Sauce - Belden
Gastropubs,4.5,184,$$,Fermentation Lab
Korean,4,80,$$,Seokyo
Cajun/Creole,4,545,$$,Queen’s Louisiana Po-Boy Cafe
Seafood,4,2215,$$$,Tadich Grill
American (New),4.5,201,$$$,3rd Cousin
Vietnamese,4,1159,$$,Perilla
Indian,4,249,$$,Om Indian Cuisine
Tapas Bars,4,848,$$,Halu
Seafood,3.5,2073,$$$,Crab House at Pier 39
Italian,4.5,1042,$$$$,Acquerello
Barbeque,4.5,32,$$,Native Sons BBQ
Pizza,4,941,$$,Delarosa
Cajun/Creole,4,559,$$,Buttermilk Southern Kitchen
Italian,4,53,$$$,PRAIRIE
Italian,4,546,$$,Vega
Seafood,4.5,362,$$,Red Hill Station
Asian Fusion,4,907,$$,E&O Kitchen and Bar
Italian,4,1982,$$,È Tutto Qua
Seafood,5,99,$$$,Ichido
Italian,4.5,124,$$,InoVino
Caribbean,4,128,$$,Kaya
American (New),4,50,$$$$,AVERY
Italian,3.5,1461,$$,Cioppino’s
Peruvian,3.5,912,$$,Fresca
Pizza,4.5,528,$$,Montesacro Pinseria-Enoteca
Chinese,4,1918,$$,Hunan Home’s Restaurant
French,4,1949,$$$,Isa Restaurant
American (New),4,1591,$$$,Hakkasan
Italian,3.5,2173,$$$,Flour + Water
Bars,4,2098,$$,The Monk’s Kettle
American (New),4,1503,$$$,Prospect
Italian,4.5,336,$$,Marcella’s Lasagneria
Chicken Shop,4,1165,$,The Bird
Korean,3.5,197,$$,The Korean Kitchen
Comfort Food,4,277,$$,Bergerac
Gluten-Free,4,1375,$$,Pica Pica Arepa Kitchen
Seafood,3.5,1606,$$$,Franciscan Crab Restaurant
Thai,4.5,373,$$,Ben Thai Cafe
Indian,4,1273,$$,North India Restaurant
Thai,4,2096,$$,Lers Ros
Greek,4,1143,$$,Souvla
Dim Sum,4,843,$,Delicious Dim Sum
Mediterranean,4,671,$$,Arabian Nights Restaurant
Comfort Food,4,80,$$,MAC’D
Mexican,4,211,$$,Tacorgasmico
Vietnamese,4.5,154,$,DragonEats
Korean,4,140,$$,Stone Bowl Plus
Breakfast & Brunch,4.5,79,$$,1608 Bistro
Filipino,4.5,113,$$,Malasa
American (New),4,744,$$$$,The Progress
Latin American,4,1166,$$,Destino
Vietnamese,4,239,$$,Laksa
Asian Fusion,4,1739,$$$,AsiaSF
Italian,4,1390,$$,Delarosa
Izakaya,4,483,$$$,Rintaro
Wine Bars,4,1105,$$,District San Francisco
American (New),4,1068,$$$,Rich Table
American (Traditional),4,1709,$$$,BIX
Wine Bars,4,804,$$,Fat Angel
American (New),4,1422,$$$,Firefly Restaurant
Spanish,4,1426,$$,Picaro
Seafood,3.5,2807,$$$,Waterbar
Seafood,4,508,$$,Mission Street Oyster Bar & Seafood Restaurant
Vietnamese,4,632,$$,Jasmine Garden
Ramen,3.5,604,$$,Ippudo San Francisco
Portuguese,4,219,$$$,Uma Casa
Pizza,4.5,918,$$,Baonecci Ristorante
American (New),4,638,$$,Causwells
Italian,4,893,$$,Uva Enoteca
Japanese,4.5,280,$$,Akira Japanese Restaurant
French,4,623,$$,Bistro Aix
Pizza,5,26,$$,Square Pie Guys
Mexican,4,1197,$$,Velvet Cantina
Seafood,4,2557,$$,Swan Oyster Depot
Sushi Bars,4,652,$$,Kaiju Eats Ramen and Izakaya
French,4,724,$$,Le P’tit Laurent
Italian,4.5,514,$$,Caffe Macaroni
Breakfast & Brunch,4.5,158,$$,Wooden Spoon
Brazilian,3.5,683,$$$,Fogo de Chão Brazilian Steakhouse
American (New),4,691,$$,Per Diem
Pizza,4.5,678,$$,Mozzeria
Korean,4,376,$$,The Crew
Pizza,4.5,2783,$$,Little Star Pizza
Pizza,4,1428,$$,Pizzeria Delfina
Mexican,4.5,1423,$$,Garaje
Barbeque,4,263,$$,Kogi Gogi BBQ
Italian,4,445,$$,Barzotto
Moroccan,4,861,$$$,Mourad Restaurant
Spanish,4,188,$$$,Bota Tapas & Paella Bar
American (Traditional),4,2731,$,Tommy’s Joynt
Mediterranean,4,453,$$,Mazzat
Korean,4,504,$,Aria Korean Tapas
Burmese,4,950,$$,Burma Love
Sushi Bars,5,6,$$,Yakumi Freestyle Omakase
Chinese,4,817,$,House Of Pancakes
American (New),4,2561,$$$$,Boulevard
American (New),4.5,740,$$$,Trestle
Japanese,4,556,$$,KoJa Kitchen
Bars,4.5,431,$$,Coin-Op Game Room
American (Traditional),4,1804,$$$$,Spruce
Seafood,4,1531,$$$$,Farallon
Korean,4,968,$$,Manna
Southern,4.5,796,$$,Rusty’s Southern
Burgers,4.5,159,$$,Native Burger
Cocktail Bars,4,200,$$,Horsefeather
Italian,4,619,$$,Ragazza
American (New),4.5,992,$$$$,Benu
Japanese,4,455,$$,Takoba SF
Italian,3.5,280,$$$,Che Fico
French,4.5,2595,$$$,Chapeau!
American (New),4.5,857,$$$,Stones Throw
Gastropubs,3.5,1480,$$,The Tipsy Pig
Japanese,4.5,98,$$,Goemon
Latin American,4.5,266,$$,The Castro Republic
Barbeque,4,502,$$,Jang Soo BBQ
Korean,4.5,99,$$,Go Go 7
Hot Pot,4.5,722,$$,Boiling Hot Pot
Pizza,4,2238,$$,Pizzeria Delfina - San Francisco
Bars,3.5,169,$$,Hollow Cow
German,4,957,$$,Walzwerk
Mediterranean,4.5,52,$$,Van Ness Cafe & Gyros
Korean,4,414,$$,Jin Mi Korean Cuisine
Italian,4,606,$$,Spiazzo Ristorante
Soul Food,3.5,1914,$$,Little Skillet
Barbeque,3.5,562,$$,Southpaw BBQ
Steakhouses,3.5,671,$$$$,Osso Steakhouse
Mexican,4,523,$,Street Taco
American (New),4,461,$$$,Octavia
Thai,4,589,$$,Jitlada Thai Cuisine
Szechuan,3.5,515,$$,Chili House SF
Middle Eastern,4,215,$,Taboun
Scandinavian,4,624,$$$,Pläj Scandinavian Restaurant & Bar
Sushi Bars,4,342,$$,Tamashisoul Sushi Bar
Cafes,4,398,$$,Stonemill Matcha
Bars,4,1653,$$,The Alembic
American (New),3,847,$$,Momo’s
Japanese,4,473,$$,Shabu House
Hawaiian,4.5,28,$$,Trailblazer Tavern
Italian,4,650,$$$,Sociale
Ethiopian,4.5,593,$$,Tadu Ethiopian Kitchen
Gastropubs,4,564,$$,Upcider
Indian,4,1651,$,Pakwan Restaurant - 16th Street
Italian,4.5,45,$$,Osteria Bella
Mediterranean,4,1147,$,Truly Mediterranean
Afghan,4.5,498,$$,De Afghanan Kabob House
Soul Food,4,868,$$,Brenda’s Meat & Three
Mexican,3.5,1309,$$,Tacolicious
Hot Pot,4,249,$$,Fiery Hot Pot Buffet
Hawaiian,4.5,244,$,Huli Huli Hawaiian Grill
Steakhouses,4,1975,$$$,Ruth’s Chris Steak House
Hot Pot,4,484,$$,Nabe
Himalayan/Nepalese,4,432,$$,Little Nepal
Barbeque,4,857,$$,CatHead’s BBQ
Thai,4,503,$$,Pagan Restaurant
Italian,3.5,1017,$$,Americano
Caribbean,4.5,47,$$,Isla Vida
Mongolian,4,484,$$,Little Sheep Mongolian Hot Pot
Indian,4.5,534,$$,Curry Leaf
Dim Sum,4,1478,$,Good Luck Dim Sum
Mexican,4,499,$$,Papito Hayes
Dim Sum,3.5,690,$$,MaMa Ji’s
Seafood,4,707,$$,Pacific Cafe
Middle Eastern,5,6,$$,Saha
Seafood,3,1086,$$$,Waterfront Restaurant
Gastropubs,4,124,$$,Bistro SF Grill
Chinese,4,857,$,Hai Ky Noodles
Dive Bars,3.5,1036,$$,The Ramp
Japanese,4.5,236,$$$$,jū-ni
French,4.5,176,$$$,Revelry Bistro
Burgers,3,159,$$,Hamburger Mary’s
Barbeque,3.5,718,$$$,International Smoke
American (New),4,248,$$$,Nico
Italian,4.5,64,$$$,Dispensa Italian Charcoal Kitchen
Asian Fusion,3.5,1402,$$$,Crustacean
Pubs,3.5,426,$$,Schroeder’s
Latin American,3.5,243,$$,Fresca
Mexican,3,641,$$,Rosa Mexicano
Chinese,3.5,1493,$$,M Y China
Sushi Bars,4.5,230,$$,Elephant Sushi
Sushi Bars,4,1049,$$,Eiji
Middle Eastern,4,1164,$$$$,Michael Mina
Mediterranean,4,357,$$,NoVY Restaurant
Japanese,4.5,13,$$,Okkon Japanese Street Food
Italian,4,1520,$$,Tommaso’s
Pubs,4,443,$$,The Pig & Whistle
Ramen,4,281,$$,Fumi Japanese Curry & Ramen
Latin American,4.5,1077,$$,La Fusión
Chinese,4,420,$,Kung Food
Pizza,4,349,$$,Del Popolo
Italian,4,727,$$$,Poesia
Mexican,3.5,1532,$$,Tacolicious
Dim Sum,4,497,$$,Begoni Bistro
Cuban,4,343,$$,El Nuevo Frutilandia
Steakhouses,4,1116,$$$$,Roka Akor - San Francisco
Sports Bars,4.5,66,$$,After Hours
Chinese,3.5,1436,$$,Z & Y Restaurant
Korean,3.5,1463,$$,Toyose
Spanish,4,582,$$,Canela Bistro & Wine Bar
Italian,4,127,$$,Mescolanza
Steakhouses,4,1595,$$$$,Alexander’s Steakhouse
Gastropubs,4.5,169,$$,Trademark & Copyright
Chinese,3.5,256,$$,Tēo Restaurant & Bar
Japanese,4,627,$$,Shabu Club
Dim Sum,4,50,$$,Harborview Restaurant & Bar
Italian,4,946,$$$,Locanda
Cocktail Bars,4,128,$$,True Laurel
American (New),4.5,178,$$$,Son’s Addition
Korean,4,1604,$$,My Tofu House
Cocktail Bars,4,236,$$,Lord George
American (Traditional),3.5,557,$$,Sunset Reservoir Brewing Company
Mediterranean,4,52,$$,Zaytoon Mediterranean
Vietnamese,4,663,$,Kim Son Vietnamese Restaurant
Brasseries,4,1580,$$$,Bluestem Brasserie
Cocktail Bars,4,87,$$,Violet’s
Sushi Bars,4.5,774,$$$$,KUSAKABE
Cocktail Bars,4,735,$$,Trick Dog
American (New),3.5,2487,$$,Palomino
Hot Pot,4,91,$$,My Pot
Italian,4.5,365,$$,Il Pollaio
Italian,4,172,$$,Vixi
Japanese Curry,4,1052,$,Volcano
Wine Bars,4,1296,$$,Amélie
Chinese,4,339,$$,Dong Bei Mama
Thai,4,150,$$,One Waan
Burmese,4,1769,$$,B Star Bar
Chinese,3.5,831,$$,China Live
Mexican,3.5,365,$$$,Cala
Korean,4,185,$$,Hwaro
Seafood,4,1799,$$$,Bar Crudo
Indian,4.5,363,$$,Keeva Indian Kitchen
Middle Eastern,4,993,$$,Old Jerusalem Restaurant
Burgers,4,1211,$,Super Duper Burgers
Hot Pot,4.5,154,$$,Nabe
American (New),4,428,$$$$,Saison
American (New),3.5,1299,$$$,Sutro’s at The Cliff House
Cambodian,4,501,$$,Angkor Borei
Mexican,3.5,287,$$,Cadillac Bar & Grill
Italian,4.5,660,$$$,Albona Ristorante Istriano
American (New),4,526,$$,Aliment
Gluten-Free,4.5,225,$$,Kitava
Cocktail Bars,4.5,170,$$,Louie’s Gen-Gen Room
Wraps,4.5,67,$$$,Dabba
Cocktail Bars,4.5,47,$$,Fifth Arrow
Italian,4,1328,$$,Piccino
Mediterranean,4.5,157,$$,Lokma
Seafood,3.5,814,$$,Mission Rock Resort
Mediterranean,4,804,$,Palmyra
French,4,837,$$$,Monsieur Benjamin
Thai,4,1375,$$,Blackwood
Italian,4,1203,$$,Nob Hill Cafe
Italian,4.5,335,$$,Roma Antica
Steakhouses,4,654,$$,Brazen Head
Italian,4,466,$$,Fior d’Italia
Pizza,4.5,437,$$,Piccolo Forno
American (New),4,951,$$$,The Cavalier
Indian,4.5,278,$$,Tara Indian Cuisine
Teppanyaki,4,310,$$,Super Pan
Desserts,4.5,136,$$,The Game Parlour
Thai,4,323,$$,Rooster & Rice
Spanish,3.5,1851,$$,Thirsty Bear Brewing Company
Japanese Curry,4,1631,$$,Muracci’s Japanese Curry & Grill
Ramen,5,20,$$,Noodle in a Haystack
American (New),4,665,$$$,1760
Vietnamese,3.5,5410,$$$,The Slanted Door
Afghan,4.5,771,$$,Helmand Palace
Ramen,4,550,$$,Orenchi Beyond
Izakaya,4.5,11,$$$,Izakaya Sushi Ran
Italian,4,1941,$$$,Perbacco
Belgian,4,817,$$,La Trappe
American (New),4,1693,$$,Straw
Thai,4.5,140,$$,Nute’s
Japanese,4,982,$$,Sakesan Sushi & Bistro
Italian,4,388,$$,Tratto
Wine Bars,4.5,654,$$$,The Richmond
Ramen,4,383,$$,Slurp Ramen
Moroccan,4,458,$$,Aicha Moroccan Cuisine
Sushi Bars,4.5,330,$$$,Tsubasa Sushi
Chicken Shop,4.5,400,$$,Rooster & Rice
Bars,4.5,175,$$,PianoFight
American (New),4,632,$$$$,Sons & Daughters
Burmese,4.5,25,$$,Beyond Burma
American (New),4,920,$$,Chambers
Breweries,3.5,772,$$,Bartlett Hall
Beer Bar,4,218,$$,Almanac Taproom
Latin American,4,196,$$,Alma Cocina
French,4.5,1422,$$$$,La Folie
Korean,4.5,1065,$$,Surisan
Mexican,4,461,$$,Matador
French,4,1049,$$$,Fringale
Middle Eastern,4.5,367,$$,Jannah
Latin American,4,621,$$$,Piqueo’s
American (New),4,262,$$$,Maybeck’s
American (New),4,653,$$$,AL’s Place
Breakfast & Brunch,5,2,$,Morning Wood
Japanese,4,270,$$,Shabu House
American (New),4,248,$$$,The Saratoga
Korean,3,1269,$$,Yakiniq
Wine Bars,4,290,$$,Blush!
Thai,4,380,$$,Tamarind Hall
Indian,3.5,82,$$,Besharam
Mediterranean,4,49,$$,Sultan’s Kebab
Themed Cafes,4.5,532,$$,KitTea Cat Cafe
Italian,4,559,$$,La Traviata
Wine Bars,3.5,407,$$,Belga
Japanese,4,224,$$,Camp BBQ
Mexican,4,219,$,Tacos Club
Pubs,4.5,290,$$,The Dark Horse Inn
Mediterranean,4.5,136,$$,Tuba Express Mediterranean Kebab & Gyro
Thai,4,518,$$,Basil Canteen
Gastropubs,4,699,$$,The Sycamore
Thai,4,607,$,Zen Yai Thai Restaurant
Greek,4,261,$$,Souvla
Sports Bars,4,409,$,The Boardroom
American (New),4,616,$$,Street Restaurant and Bar
Senegalese,3.5,891,$$,Bissap Baobab
Italian,4.5,42,$$$,AltoVino
Italian,4,626,$$,Trattoria da Vittorio
Seafood,4,1591,$$,Woodhouse Fish
Hong Kong Style Cafe,3.5,59,$$,Venus Cafe
Japanese,3.5,617,$$,Udon Mugizo
Thai,4,772,$,Thai Time Restaurant
Japanese,4.5,123,$$,Hot Zushi
Italian,4,933,$$,Firenze by Night Ristorante
Burgers,4,2589,$$,Super Duper Burgers
Sushi Bars,4.5,774,$$$,Saru Sushi Bar
American (New),3.5,1087,$$,Presidio Social Club
Conveyor Belt Sushi,4,556,$$,Warakubune Sushi
Thai,4,46,$$,Bussaba
Asian Fusion,4,424,$$,pomelo on Judah
Mexican,4,688,$$,Tacko
Japanese,4.5,87,$$$$,Hashiri
Thai,4.5,109,$$,Derm Restaurant
Asian Fusion,4,658,$$,Champa Garden
Burgers,4,452,$$,WesBurger ‘N’ More
American (New),4,114,$$$,Gibson
Sushi Bars,4,386,$$,Ginza Sushi & Sake
American (New),4,396,$$,Whitechapel SF
Bars,4.5,67,$$,Hotel San Francisco
Sushi Bars,4,705,$$,Elephant Sushi
American (Traditional),4.5,28,$,Counter Offer
Breakfast & Brunch,4,3989,$$,Mama’s On Washington Square
Italian,4,1071,$$,Fino Ristorante & Bar
Japanese,4,483,$$,Kufuya Japanese Restaurant
Malaysian,4,286,$$,Lime Tree Southeast Asian Kitchen
Barbeque,3.5,1399,$$,4505 Burgers & BBQ
Cafes,4.5,23,$,Manny’s
Italian,4,657,$$,Caffe Sport
Korean,4,239,$$,Wang Dae Bak
Latin American,4,304,$$,Gilberth’s Latin Fusion Restaurant
Halal,4,146,$$,Eden Silk Road Cuisine
French,4,1608,$$$$,Jardiniere
Chicken Wings,4,69,$$,Odumak
American (New),4.5,227,$$,20 Spot
Dim Sum,4,125,$$,Toppu Ramen & Dim Sum House
Italian,4,382,$$,Mangia Tutti Ristorante
American (New),4,1515,$$$,The Rotunda
Bars,3.5,960,$$,Teeth SF
Cocktail Bars,4,81,$$,Rooftop 25
Bowling,4,577,$$,Mission Bowling Club
Peruvian,3.5,2371,$$,Limón Rotisserie
Mexican,4.5,19,$,Casa Barajas
Soul Food,4,2060,$$,Hard Knox Cafe
American (New),4,521,$$$,Garibaldi’s
Japanese,4,191,$$,Kaisen DON
Korean,4,370,$$,K-Elements BBQ
Japanese,4,809,$$$,Pabu
Sushi Bars,4,1193,$$,Live Sushi Bar
Korean,4,732,$$,Muguboka Restaurant
Japanese,5,14,$$,The Shota
Sushi Bars,4.5,162,$$$$,Ijji Sushi
Burgers,4,330,$$,Calibur
Sushi Bars,4,1694,$$,Ebisu
Bars,4,355,$$,Last Drop Tavern
Bakeries,4,2247,$,Good Mong Kok Bakery
Vietnamese,3.5,1182,$,Golden Star Vietnamese Restaurant
Shanghainese,4.5,164,$$,Jiangnan Cuisine
Middle Eastern,4,755,$$,Maykadeh
Indian,4.5,134,$$,Lotus SF
Sports Bars,4,213,$$,San Francisco Athletic Club
Poke,4.5,58,$$,I’a Poke
Pizza,4.5,89,$$,Ardiana
Food Stands,3.5,388,$$,Fisherman’s Wharf  Chowder and Crab Sidewalk Stands
Wine Bars,4.5,185,$$,Bodega
Wine Bars,4.5,118,$$,High Treason
Russian,4.5,140,$,Pushkin
American (New),4.5,1149,$$$,Frascati
Vietnamese,4.5,332,$,DragonEats
Indian,4,231,$$,Holy Kitchen
Barbeque,3.5,853,$$,The Pub At Ghirardelli Square
Seafood,3.5,768,$$,The Old Clam House
Chinese,4,146,$,Yuanbao Jiaozi
Latin American,4.5,21,$$,Pico Latin Street Food
Greek,4,330,$$,Orexi
Bars,4,299,$$$,Leo’s Oyster Bar
Spanish,3.5,331,$$$,The Commissary
Breweries,3.5,1743,$$,Magnolia Haight
Szechuan,4.5,223,$$,Szechuan Cuisine
Nicaraguan,4,29,$$,El Rinconcito Nicaraguense
Middle Eastern,4,734,$$,Bursa
Steakhouses,4,780,$$,Bullshead Restaurant
Peruvian,4,221,$$,La Fina Estampa
American (New),4.5,123,$$$,Sorrel
Mexican,3.5,76,$$,Papi Rico
American (New),4,745,$$$$,Coi
Italian,4,870,$$,La Briciola
French,4,1920,$$$,Cafe Claude
Bars,4,40,$$,Bon Voyage
Mediterranean,4,597,$$$,Terzo
Sushi Bars,4,1506,$$,Sushi Bistro
German,4,521,$$,Biergarten
Mexican,4,314,$,El Rancho Grande
Turkish,5,79,$$$,Istanbul Modern SF
Italian,4,383,$$,Pane E Vino
Pizza,4,1083,$$,Gialina Pizzeria
Korean,3.5,455,$$,Zazang Korean Noodles
French,4.5,907,$$$,Bistro Central Parc
Thai,3.5,890,$$,Osha Thai
Tea Rooms,5,6,$,Elixart Herbal Lounge
French,4.5,647,$$$$,Atelier Crenn
Vietnamese,4,1015,$,Cordon Bleu
Mexican,4.5,254,$$$$,Californios
Seafood,4,1529,$$,Pacific Catch
Dim Sum,4,336,$$,Dim Sum Club
Taiwanese,4,372,$$,Tasty Pot
Asian Fusion,4,192,$$,Foxsister
Burgers,4,2079,$$,Pearl’s Deluxe Burgers
French,4,338,$$$$,Petit Crenn
Pop-Up Restaurants,5,15,$$,ChiliCali
American (New),3.5,661,$$,Fog City
French,4,993,$$,Chez Maman West
American (New),3.5,572,$$,Hard Water
Thai,4,411,$$,Siam Lotus Thai Cuisine
Vietnamese,3.5,655,$$,OTD
Vietnamese,4,692,$,Pho 2000
Peruvian,4,702,$$,Mi Lindo Peru
Vietnamese,4,660,$,Tú Lan
Steakhouses,3.5,2085,$$$,EPIC Steak
Indian,4,880,$$,Aslam’s Rasoi
Russian,4,286,$$,Red Tavern
Seafood,4,612,$$,Alamo Square Seafood Grill
Korean,4,364,$$,Um Ma Son
Italian,4.5,12,$$,The Italian Homemade Company
Ramen,4,413,$$,Coco’s Ramen
Mediterranean,4.5,280,$$,Sababa
Chinese,4,122,$,People’s Bistro
Italian,4,218,$$,Manzoni
Thai,4,1672,$$,Marnee Thai
Vietnamese,4,809,$$,Mau
Venues & Event Spaces,3.5,883,$$,Sens Restaurant
Mediterranean,4.5,221,$,Fayala
Japanese,4,426,$$,Glaze Teriyaki
American (New),4.5,193,$$$,The Morris
Burmese,4.5,97,$$,Golden Burma
Japanese,3.5,658,$$,Kui Shin Bo
Ramen,4,163,$$,Ushio Ramen
Pakistani,4,60,$$,Naan N Curry
American (New),4,312,$$,Archive Bar & Kitchen
Tapas/Small Plates,4.5,67,$$,Kaiju Cooks
Falafel,4.5,806,$,The Flying Falafel
Indian,4.5,155,$$,Tilak
Bakeries,4,7481,$$,Tartine Bakery & Cafe
Taiwanese,4,413,$$,Hanlin Tea Restaurant
Chinese,4.5,24,$,New Fortune Restaurant
Pizza,4,1964,$$,Little Star Pizza
Peruvian,4,386,$$,Mochica
Coffee & Tea,4,1635,$$,Farm : Table
Chinese,3.5,3154,$$,House of Nanking
Thai,4.5,58,$,Mae Krua
Comfort Food,4.5,66,$$,Belle Cora
Italian,4,704,$$,Ideale
Vietnamese,3.5,296,$,Mai’s Vietnamese Restaurant
Argentine,4.5,562,$,Tanguito
American (New),4,891,$$,Olea
Vietnamese,4.5,3090,$,Saigon Sandwich
Hot Dogs,4.5,42,$,On Dog Dog
Salvadoran,4,620,$,Balompie Cafe
Pizza,4,110,$$,Bizza
Sports Bars,4,1730,$$,The Taco Shop At Underdog’s
Seafood,3.5,1050,$$,Plouf
Breakfast & Brunch,4,2341,$$,Plow
Noodles,3.5,1412,$$,Suzu Noodle House
Middle Eastern,4.5,152,$$,Yemen Kitchen
Gastropubs,4,1127,$$,Mikkeller Bar
Vietnamese,4,324,$,DragonEats
Gluten-Free,4.5,484,$,Hot Spud
Hawaiian,4,39,$,Pacific Eatery
Bars,3.5,1876,$$,Cha Cha Cha
Mexican,4,641,$$,Papito Potrero Hill
Sushi Bars,4,1024,$$,Sushi Zone
Ramen,4,61,$$,RakiRaki Ramen & Tsukemen
Karaoke,4.5,43,$,Underground Grill King
Italian,3.5,1914,$$$,A16
Italian,4,792,$$$,Capannina
American (New),3,2953,$$,The Cheesecake Factory
Breakfast & Brunch,4,1302,$$,Universal Cafe
Japanese,4,573,$$,Umi
American (New),3.5,299,$$,Black Cat
Asian Fusion,3.5,401,$$,Slurp Noodle Bar
Basque,4,845,$$$,Piperade
American (Traditional),4,145,$$,Smokin’ Warehouse Barbecue
Hawaiian,4,443,$$,Poki Time
Thai,3.5,332,$$,Rin’s Thai Restaurant
Seafood,4,310,$,Balompie Cafe No 3
Sports Bars,4,289,$$,Bistro Gambrinus
Ramen,4,96,$$,Amami
New Mexican Cuisine,3.5,1252,$$,Green Chile Kitchen
Filipino,4,1439,$,Señor Sisig
Japanese,4,216,$$,Kagawa-Ya Udon
Wine Bars,4.5,29,$$,Howells
Wine Bars,4,168,$$,Wine Kitchen
Gastropubs,3.5,153,$$,Patriot House
Seafood,3.5,745,$$,Capurro’s
Cantonese,4,417,$,Kam Po Kitchen
Thai,3.5,1609,$$,Osha Thai Restaurant
Thai,3.5,661,$$,Ploy II
Italian,3.5,450,$$,Jackson Fillmore Trattoria
Tapas/Small Plates,4,1030,$$,15 Romolo
Vietnamese,3.5,101,$$,Perilla
Thai,4,228,$$,Me & Tasty
American (New),4,367,$$$,Aster
Thai,3.5,419,$$,Hawker Fare
Turkish,4,759,$$,A La Turca Restaurant
American (Traditional),3.5,39,$$,Smokin’ Warehouse Barbecue - Sacramento Street
Mediterranean,4,1188,$,Oasis Grill
Indian,4.5,235,$$,A Desi Cafe
Indian,5,3,$$,Amirah
American (Traditional),4,127,$$,Marengo On the Alley
Tapas/Small Plates,4,64,$$,Sugarhill Kitchen
Halal,3.5,658,$$,The Halal Guys - San Francisco
American (New),4.5,311,$$,Radio Africa Kitchen
Thai,4,410,$$,Amphawa
Mexican,4,353,$$,Flores
Wine Bars,4,424,$$,The Social Study
Burgers,3,926,$$,Umami Burger Soma District
American (New),4,344,$$,Hillside Supper Club
Turkish,4,92,$$,SINI
Hot Pot,4.5,12,$$,The Place Hot Pot & Grill
Burgers,4.5,157,$$,Burger Shack
Japanese,4.5,107,$$,Nara
Beer Gardens,4.5,189,$$,Ocean Ale House
American (New),3.5,428,$$,Sessions at the Presidio
Szechuan,4,115,$$,Sizzling Pot King
Hot Dogs,4.5,1577,$,Rosamunde Sausage Grill - San Francisco
Barbeque,3.5,411,$$,Carbon Grill
Ethiopian,4.5,210,$$,Oasis Cafe
American (Traditional),4,3146,$$,Sweet Maple
Middle Eastern,5,218,$$,Tahini
Vietnamese,4,705,$$,Aux Delices Vietnamese Restaurant
Japanese,4.5,479,$$$$,Wako Japanese Restaurant
Szechuan,4,131,$$,Spices
Italian,4.5,86,$$$,Francisca’s
Greek,3.5,881,$$,Goood Frikin Chicken
Ethiopian,4.5,144,$$,Tadu Ethiopian Kitchen
Hawaiian,4,326,$,Hawaiian Drive Inn
Pizza,4,227,$$,Firepie
Mediterranean,4,401,$$,Layaly
Seafood,3.5,1599,$$,Pier 23 Cafe
Vietnamese,4,1141,$,Cafe Bunn Mi
Mexican,4,2391,$,Pancho Villa Taqueria
Mediterranean,4.5,217,$$,SF Kebab
Korean,3.5,588,$$,Arang Restaurant
Chinese,3.5,1465,$$,Fang
Indian,4,592,$$,August 1 Five
Soul Food,4,387,$$,Frisco Fried
Bars,4,736,$$,Fly Bar
Pizza,4,391,$$,Jersey
Mexican,4,801,$,El Castillito
Sushi Bars,4,856,$$,Domo
Bars,3.5,234,$$,Palmer’s
American (New),4,108,$$$,Gardenias
Bars,4,947,$$$,The Fly Trap
Cambodian,4.5,48,$$,Braised + Bread
Mexican,4.5,26,$$,Chicano Nuevo
Asian Fusion,4,245,$$$,1601 Bar & Kitchen
Italian,2.5,1054,$$,Olive Garden Italian Restaurant
Mexican,4,864,$,Taqueria Guadalajara
Indian,4,486,$$,Saffron Grill
Cafes,5,7,$$,Word. A Cafe
Tapas/Small Plates,4,370,$$,Beso Bistronomia
American (Traditional),4,544,$$,Dobbs Ferry Restaurant
Seafood,3.5,1375,$$,Bistro At The Cliff House
American (New),4,1487,$$$,Park Tavern
Vegan,4,2959,$$,Gracias Madre
Vietnamese,3.5,399,$$,Co Nam
Thai,4.5,675,$$,Thai Idea Vegetarian
Japanese,4.5,146,$$,"Bon, Nene"
Seafood,3,1132,$$$,McCormick & Kuleto’s Seafood & Steaks
Italian,3.5,825,$$,Original Joe’s Westlake
Chinese,3.5,450,$$,Terra Cotta Warrior
French,4,3160,$$$,Absinthe Brasserie & Bar
Cuban,4,274,$$,Media Noche
American (Traditional),4,1500,$$,Delancey Street Restaurant
Ramen,3.5,1235,$$,Ramen Yamadaya
Japanese,4,137,$$,Sakesan Sushi & Robata
Bars,3.5,404,$$,Tap415
Vietnamese,4,988,$$,Miss SaiGon
Indian,4,1969,$$$,Amber India
American (Traditional),4,685,$,Tempest
Pizza,3.5,1403,$$,Calzone’s Restaurant
Pizza,4,397,$$,Acquolina
Sushi Bars,4.5,119,$$$$,An Japanese Restaurant
Tacos,4.5,244,$$,Chisme Cantina
Japanese,4,27,$$,Udon Underground
Southern,4,335,$$,Hazel Southern Bar & Kitchen
Japanese,5,2,$$,Asahiru
Thai,4,503,$$,Regent Thai Restaurant
Salvadoran,5,7,$,Panchitas Pupuseria
British,4.5,1132,$$,Lovejoy’s Tea Room
American (New),4,783,$$,Cassava
American (New),4,118,$$$$,Nightbird
Seafood,3.5,1675,$$,Pacific Catch
Hot Pot,4,34,$$,Fondue Chinoise
Japanese,4.5,112,$$,Mamanoko
Vietnamese,3.5,417,$$,My Father’s Kitchen
Vietnamese,4,634,$,Turtle Tower
Mediterranean,3.5,325,$$$,Tawla
Pizza,4.5,723,$$,Carmel Pizza Company
American (New),4,1010,$$$,Commonwealth
Spanish,3.5,1009,$$$,B44 Catalan Bistro
Korean,4,222,$$,Dancing Bull
Bars,4,578,$$,The Brick Yard
American (New),4,553,$$,Mr Pollo
Indonesian,3.5,868,$$,Borobudur Restaurant
Italian,4,552,$$,Amarena
Comfort Food,4,235,$$,The Willows
Thai,3.5,561,$$,Thai House Express
American (New),4,291,$$,Corridor Restaurant
Sandwiches,5,546,$$,Limoncello
Thai,3.5,1743,$$,King Of Thai Noodle House
American (Traditional),4,1932,$$,Chow
Italian,4,893,$$,Gaspare’s Pizza House & Italian Restaurant
Diners,4,774,$$,Breakfast at Tiffany’s
Pizza,4,302,$$,Slice House
Italian,4,481,$$$,Venticello Ristorante
Vegan,4.5,164,$$,Nick’s Kitchen
Mexican,4,821,$,Taqueria Los Coyotes
Sushi Bars,4,138,$$$$,Kingza
Thai,4,560,$$,Manora’s Thai Cuisine
Asian Fusion,4,336,$$,RAW Sugar Factory
Japanese,4.5,222,$$,Pokihub
Chinese,4,334,$,Elaine’s Kitchen
Thai,4,109,$$,Mangrove Kitchen
Breakfast & Brunch,5,7,$,La Cuisine Café
Pizza,4,669,$,Marcello’s Pizza
Burgers,3.5,782,$$,Barney’s Gourmet Hamburgers
Lounges,4,137,$$,Rusted Mule
Latin American,4.5,504,$$,Poc-Chuc
Mediterranean,4,580,$$,Saffron 685
American (New),4,128,$$,Heritage Restaurant & Bar
Mexican,4,1957,$,Taqueria Cancún
Szechuan,4.5,172,$,Village House
Tea Rooms,4,2243,$$,Samovar Tea - Yerba Buena Gardens
Indian,4.5,107,$$,Spice of America
Poke,4,205,$$,I’a Poke
Chinese,4,602,$,Cheung Hing
Mexican,4.5,586,$,La Palma Mexicatessen
Italian,3.5,761,$$$,North Beach Restaurant
Mexican,3,274,$$,Arguello
American (New),3.5,357,$$,Stem Kitchen & Garden
American (Traditional),4,4165,$$,Dottie’s True Blue Cafe
Seafood,3,1656,$$,Alioto’s Restaurant
Burgers,4,785,$$,Super Duper Burgers
Bubble Tea,4.5,249,$,Urban Ritual
American (Traditional),4,396,$$,Louie’s Bar
Breweries,3.5,257,$$,Black Sands
Japanese,4,697,$$,Sushi Time
Russian,4.5,101,$,Silk Road
Vietnamese,4,859,$,Dinosaurs
Vietnamese,4,130,$$,Sunflower Garden
Latin American,4,269,$$,Artesano
American (New),4.5,82,$$,Cultivar San Francisco
Vietnamese,4,595,$,Pho Tan Hoa
French,3.5,799,$$$,Garçon
Seafood,4,2199,$$$,Roy’s Restaurant
Japanese,4.5,30,$$,Sake Bomb
Italian,4,521,$$,Magic Flute Ristorante
Scandinavian,4.5,76,$$,Kantine
Thai,4,572,$$,Khan Toke Thai House
Burgers,3,2197,$$,Burger Bar
American (Traditional),4,756,$,Buster’s Cheesesteak
Ramen,4,457,$$,Miki Restaurant
Pubs,4,320,$$,Richmond Republic Draught House
Dim Sum,3.5,2425,$$$,Yank Sing
Bars,4,332,$$,Asiento
Italian,4,289,$$$,Da Flora-A Venetian Osteria
Thai,4,197,$$,Rooster & Rice
Thai,3.5,717,$$,Lers Ros Thai
Cafes,4,471,$,Boba Guys
Wine Bars,4,18,$$,Santino’s Vino
Ethiopian,4,696,$$,New Eritrea Restaurant & Bar
Pizza,4.5,144,$$,Katani Pizza
Bars,4,543,$$,The Spot Lounge
Delis,4.5,1034,$$,Molinari Delicatessen
Szechuan,4,97,$$,General Tso Kitchen
Seafood,3.5,752,$,Chowders
Chinese,4,462,$$,Chang’s Kitchen
Italian,3.5,1886,$$$,SPQR
Turkish,4,557,$$,Pera
Burgers,4,1248,$$,Super Duper Burgers
Burgers,4,1489,$$,Roam Artisan Burgers
Middle Eastern,4,408,$$,Yemeni Restaurant
Japanese,4,759,$$,O-Toro Sushi
Falafel,4,94,$$,SAJJ Mediterranean
Chinese,4,649,$$,The Pot’s
Cocktail Bars,4,281,$$,Southside Spirit House
Argentine,4,109,$,El Sur
Indian,4.5,139,$,Chanvi Eatery
Korean,4,574,$$,707 Sutter
Piano Bars,3.5,350,$$,Noir Lounge
Irish,4,1195,$$,Johnny Foley’s
Sandwiches,4,596,$$,Naked Lunch
Mexican,4,2162,$$,Colibri Mexican Bistro
Breakfast & Brunch,4.5,327,$$,Lapisara Eatery
Diners,4,1051,$,Art’s Cafe
Vietnamese,4,329,$,Thai Nghiep Ky Mi Gia
South African,4,208,$,Amawele’s South African Kitchen
Creperies,4.5,559,$,Crepes A Go Go
Shanghainese,3.5,116,$$,Gourmet Noodle House
Korean,4,53,$$,Matko
Breweries,3,2537,$$,The Beach Chalet Brewery & Restaurant
Wine Bars,4,123,$$,Union Larder
Ethiopian,4,659,$$,Assab Eritrean Restaurant
American (New),3.5,1888,$$$,Town Hall
Vietnamese,4,534,$$,Anh Hong Bo 7 Mon
Sports Bars,4,170,$$,Local Tap
Mediterranean,4.5,108,$$,Mangiare SF
Bakeries,4,3034,$$,Boudin Bakery & Cafe
Szechuan,4,391,$$,Sichuan Home
Ramen,3.5,788,$$,Waraku
Pubs,4,327,$$,Grumpy’s American Pub
Pizza,4,518,$$,Pachino Trattoria & Pizzeria
Sushi Bars,4.5,252,$$,Kuma Sushi + Sake
Hot Pot,4,139,$$,Simmer
Turkish,4,110,$$,Park Gyros - Castro
Bars,4,124,$$,Don Pistos Tequila Bar
Do-It-Yourself Food,4.5,93,$,Yummy Dumpling
Fast Food,4,1711,$,In-N-Out Burger
Caribbean,4,35,$$,Peaches Patties Jamaican Kitchen
Filipino,5,16,$,Turo Cafe and Grill
Vegan,4,638,$$,VeganBurg
Breweries,3.5,907,$$,Social Kitchen & Brewery
Wine Bars,4,630,$$,Jamber
Dim Sum,3.5,889,$$,Hong Kong Lounge II
Wine Bars,4.5,93,$$,Birba
Vietnamese,3.5,31,$,Pho 335
Ethiopian,4,556,$$,Sheba Piano Lounge
Italian,3.5,247,$$,Osteria
Dim Sum,4,344,$,Dol Ho
Poke,4.5,64,$$,Poke Fusion
Pizza,4,282,$$,Pizzahacker
Burgers,4,342,$$,Halal Wings Plus
Steakhouses,3.5,279,$$$,Leatherneck Steakhouse
Sushi Bars,3.5,295,$$,Takara Sushi
